FirstName,LastName,Gender,DateOfBirth,Email,PhoneNumber,Address,City,State,PostalCode,Country,LoyaltyProgramID
Nathaniel,Miller,M,25/09/2016,nathanielmiller@gmail.com,(796)454-5786x847,"82964 Alicia Plaza
Port Daisyport  WI 06345",Port Danielberg,Wisconsin,12512,Lao People's Democratic Republic,3
George,Butler,Others,11/04/1973,georgebutler@gmail.com,947-373-0554x2179,"6780 Sean Locks Suite 465
Johnmouth  RI 79883",Andrewside,Utah,60582,Bangladesh,4
Megan,Jennings,Not Specified,30/01/1973,meganjennings@gmail.com,001-288-233-4995x86748,"0527 Paul Loaf Apt. 201
South Lindabury  TN 87850",New Heatherstad,Louisiana,11730,Micronesia,5
David,Davis,Not Specified,11/12/1989,daviddavis@gmail.com,-6642,"6135 Young Bypass Apt. 391
Port Jason  LA 83569",South Elizabeth,Massachusetts,54771,Namibia,3
Eric,Davis,F,08/04/2004,ericdavis@gmail.com,001-407-498-6257x8322,"50860 Steven Fords Apt. 600
Ericshire  GA 15477",Thomastown,Alabama,56899,Somalia,4
Breanna,Robertson,M,18/06/2018,breannarobertson@gmail.com,(911)320-3213x1203,"3475 Howell Drives Suite 609
Penamouth  MN 74081",Connieshire,Iowa,2560,Korea,4
Robert,Walker,M,23/10/1980,robertwalker@gmail.com,001-987-983-3228x116,"138 Morse Squares Suite 660
West Jessica  MI 99912",New Theresafurt,Minnesota,94061,Monaco,1
Tiffany,Evans,Not Specified,24/10/1978,tiffanyevans@gmail.com,854.925.0565,"002 Burgess Keys
Johnsonfurt  MO 72660",South Davidside,Nevada,15334,Argentina,2
Eric,Williams,Others,19/07/1971,ericwilliams@gmail.com,(519)716-1292x31860,"31470 Alexandra Islands
Lake Christopher  KS 74049",Port Amberton,Colorado,29271,Aruba,2
Casey,Johnson,F,13/05/1989,caseyjohnson@gmail.com,705-689-3790x434,"39524 Ramsey Fort Apt. 312
Jerryland  CT 53926",Jameschester,Rhode Island,90338,Maldives,4
Bradley,Fisher,M,12/08/2015,bradleyfisher@gmail.com,494.320.8886x8071,"98058 Lopez Ramp Suite 570
Lake Michaelfurt  NH 68530",Alejandrotown,Colorado,79441,Falkland Islands (Malvinas),4
Connie,Williams,Others,07/11/2011,conniewilliams@gmail.com,201-996-5283x9342,"0156 Tyrone Court
Port Lauraburgh  WI 96943",Port Matthewfurt,New Mexico,81924,Vanuatu,3
Kenneth,Michael,Others,15/02/1984,kennethmichael@gmail.com,+1-667-533-3656x79614,"84107 Christine Green
Galvanside  AL 29161",Amychester,Indiana,35555,Tunisia,1
Stanley,Williams,Others,04/03/2007,stanleywilliams@gmail.com,001-742-848-7254x2570,"956 Michael Orchard
Lake Andrewstad  ND 64377",East Ashleyville,Georgia,59482,Armenia,2
Randy,Fields,M,29/05/2021,randyfields@gmail.com,3095229500,"47910 Payne Park Suite 475
West Lisaside  MD 52315",East Megantown,Delaware,36095,Burkina Faso,4
Angela,Perez,Others,31/05/1992,angelaperez@gmail.com,(517)719-7574x48035,"058 Hamilton Meadow
Gibsonland  FM 12676",Lopezborough,Washington,99357,Togo,1
Lori,Brown,Others,23/05/1974,loribrown@gmail.com,001-875-866-7454x970,"4181 Thompson Vista Suite 077
Tuckerstad  OH 37873",Lake Justin,Alaska,10130,Heard Island and McDonald Islands,4
Adam,Hayes,Others,26/09/1988,adamhayes@gmail.com,(392)716-4544,"699 Ian Parkway
Elizabethton  ME 71223",West Lorraine,Colorado,60074,Central African Republic,3
Devon,Massey,Not Specified,27/01/1990,devonmassey@gmail.com,3506278954,"5616 Conner Square Apt. 503
North Martha  OH 69297",Port Emmastad,Nevada,2592,Guam,3
David,Rivas,Others,31/07/1999,davidrivas@gmail.com,517.948.9673x696,"27894 Walker Skyway Suite 373
East Angelicastad  DC 50908",Garciahaven,Oklahoma,77720,Uzbekistan,5
Christopher,Conner,Not Specified,15/08/2019,christopherconner@gmail.com,001-588-311-8397x085,"281 King Island
Jasonmouth  VT 21941",North Marybury,New Jersey,65974,Hong Kong,4
Alan,Martin,Others,28/04/2025,alanmartin@gmail.com,(315)659-6655,"Unit 8048 Box 0663
DPO AP 26483",Leestad,Texas,13057,Romania,2
Cassandra,Jones,F,15/07/1986,cassandrajones@gmail.com,354-454-2708x12144,"4268 Hudson Orchard
Lake Brandon  WI 53072",New Tracychester,Maine,62896,Lesotho,1
Joy,Calderon,Not Specified,21/03/1979,joycalderon@gmail.com,(946)642-4810x052,"1374 Robert Village Suite 029
South Haileytown  MS 69702",Lake Jillianland,Alaska,32594,Gabon,4
Kaitlin,Thompson,Not Specified,22/08/1971,kaitlinthompson@gmail.com,+1-591-467-5669x505,"231 Charles Drive
South Samuelmouth  CT 24072",Beardfort,West Virginia,30808,Namibia,1
Tracy,Cruz,Others,15/11/1994,tracycruz@gmail.com,(380)518-0956,"USCGC Hines
FPO AA 61196",Williamsonmouth,Oklahoma,51953,Mauritania,1
Michael,Reed,Others,14/07/2009,michaelreed@gmail.com,+1-566-348-7448x0072,"7449 Lori Green
East Katherinehaven  IL 01657",Barbershire,Colorado,18888,Norway,3
Leslie,Haynes,F,29/06/1994,lesliehaynes@gmail.com,721.680.1682x78538,"444 Rachel Place Apt. 909
Lake John  MO 86746",Shanebury,Wisconsin,67896,Uganda,4
Nathaniel,Long,Others,10/04/1995,nathaniellong@gmail.com,947-625-6936,"84804 Joseph Flats Apt. 822
North Beckychester  RI 93219",Michellemouth,Pennsylvania,73632,Libyan Arab Jamahiriya,2
Matthew,Lopez,Others,08/02/2014,matthewlopez@gmail.com,(862)405-8677,"831 Jack Lights Apt. 062
Port Anthony  WA 83194",South Katrinaside,Kansas,40775,Algeria,5
Alan,Davis,M,12/01/2023,alandavis@gmail.com,383-596-4817x9148,"3182 Trevino Causeway
Hughesbury  ME 84648",New Terriport,Connecticut,22816,Antarctica (the territory South of 60 deg S),2
Mario,Kramer,M,22/01/2021,mariokramer@gmail.com,947-269-0357x50464,"3062 Michael Bypass Apt. 125
East Patrickfurt  OH 26545",East Mirandaview,Massachusetts,4951,Cameroon,4
Michelle,Lawson,Others,22/12/2008,michellelawson@gmail.com,788.413.7866x03900,"28189 Collier Glens
Lake Natalieville  IL 92243",Teresahaven,North Carolina,37777,Brunei Darussalam,4
Samantha,Butler,Others,15/02/1974,samanthabutler@gmail.com,489.353.2516,"833 Ortiz Extensions Apt. 268
North Lynntown  WY 81758",Port Anthony,Idaho,1160,Malawi,3
Jesse,Harris,F,04/05/1988,jesseharris@gmail.com,(655)778-4320,"998 Patrick Path
South Bridget  CO 90165",East Erikshire,Connecticut,2199,French Polynesia,3
David,Henderson,Not Specified,10/12/2018,davidhenderson@gmail.com,(783)704-6305x0673,"9708 Turner Fords
Mooreville  TN 10768",Port Tiffanyborough,New York,29954,Norway,3
Tanner,Wilson,F,18/02/2012,tannerwilson@gmail.com,001-350-948-4019x704,"6077 Smith Brooks Suite 093
Rachelborough  NH 20968",Susanton,Rhode Island,58249,Ecuador,5
Michael,Carroll,Not Specified,19/07/1995,michaelcarroll@gmail.com,(968)697-4201,"50866 Jason Square
Charlesshire  IL 74491",Patriciahaven,West Virginia,70192,South Africa,5
Cody,Warner,M,30/09/2018,codywarner@gmail.com,846-978-6549x86263,"87412 Webb Gardens
Judyport  VT 30417",Martinezfurt,Oregon,83501,Zambia,2
Vincent,Williams,Others,07/12/2006,vincentwilliams@gmail.com,681.574.2657x2364,"55302 Amanda Landing Suite 636
Scotthaven  CO 37609",West Dale,South Dakota,15170,Mauritius,1
Mary,Sanders,M,22/09/2022,marysanders@gmail.com,001-243-546-6748x151,"11716 Sherry Glens
Leahchester  PR 08938",Lake Sarahfurt,Michigan,28473,Christmas Island,4
Jim,Turner,Not Specified,13/06/1995,jimturner@gmail.com,-10461,"481 Wilson Fields Apt. 587
Lake Harry  VI 45343",Taylorborough,Georgia,9955,Zimbabwe,1
Lisa,Mckee,Others,26/05/1992,lisamckee@gmail.com,960.487.5515,"6951 Freeman Light
Daletown  WV 12556",Pricehaven,Idaho,72445,Hungary,2
Jill,Lopez,Not Specified,03/08/2017,jilllopez@gmail.com,868.304.6677x5730,"6736 Maldonado Glens Suite 964
Starkside  NE 82298",South Christinaborough,Kentucky,83760,Gibraltar,3
Rodney,Rodriguez,Not Specified,25/08/1996,rodneyrodriguez@gmail.com,616-465-3103x3411,"931 Harris Via Apt. 499
West Ericshire  ND 28575",Hernandezville,Florida,32893,Martinique,4
Felicia,Smith,Others,20/07/2003,feliciasmith@gmail.com,001-813-972-6803x134,"PSC 9335  Box 8398
APO AP 73183",Thomasfort,Arizona,42522,Vietnam,3
Traci,Gonzalez,M,08/04/1991,tracigonzalez@gmail.com,321.610.3279x03070,"555 Adam Ranch Apt. 294
New Daniel  MN 86656",Payneville,Maryland,4606,Puerto Rico,2
Scott,Taylor,F,10/11/2024,scotttaylor@gmail.com,498.331.1034x1886,"PSC 4533  Box 5359
APO AA 06288",Robinberg,Nebraska,22790,Montserrat,2
Andrew,Woods,Not Specified,17/08/2000,andrewwoods@gmail.com,825-448-9209x3596,"07750 Manuel Pine
New Steven  DE 02947",Angelamouth,Vermont,38183,Svalbard & Jan Mayen Islands,1
Timothy,Jones,M,30/03/1974,timothyjones@gmail.com,382.833.6843x06652,"71667 Jennifer Divide Apt. 675
East Kathleenport  OH 45026",North Jeremy,Nebraska,20967,South Georgia and the South Sandwich Islands,5
Lauren,Valdez,M,19/12/1985,laurenvaldez@gmail.com,743.675.6186,"720 Roy Passage
North Alexisport  AK 62595",West Alicia,Nevada,34555,Benin,4
Catherine,Green,Not Specified,11/08/2021,catherinegreen@gmail.com,7556422495,"7237 Wendy Roads Apt. 364
Heidiborough  UT 96276",Smithton,Mississippi,62185,El Salvador,4
Felicia,Gonzalez,M,24/02/1983,feliciagonzalez@gmail.com,700-963-3615x7663,"602 Murphy Isle Suite 460
Lake Claudia  WA 98288",South Katelynmouth,Connecticut,85935,Montserrat,4
Debra,Le,Others,22/07/1995,debrale@gmail.com,+1-889-823-8355x58756,"8478 Angela Fork Apt. 914
Robertland  CA 31100",Jamesside,Virginia,28323,Taiwan,2
Eduardo,Parker,F,16/04/1990,eduardoparker@gmail.com,+1-353-379-9080x944,"36767 Burton Expressway
East Christopherville  MO 47239",Gibsonmouth,Mississippi,60588,Dominica,1
Stephanie,Brown,F,24/01/1984,stephaniebrown@gmail.com,(952)806-6203x278,"9250 Sutton Ferry
Port Lauraport  AS 34471",South Benjamin,Delaware,33510,Suriname,2
Jacob,Smith,F,02/12/1992,jacobsmith@gmail.com,972-784-3678,"9887 Mark Squares
Richardport  NE 38326",Stacyberg,West Virginia,87422,Fiji,4
Amanda,Brooks,M,23/02/1988,amandabrooks@gmail.com,8603428856,"PSC 4731  Box 0783
APO AP 86658",South Benjamin,Minnesota,76327,French Guiana,3
Christopher,Shaw,Not Specified,09/08/2024,christophershaw@gmail.com,-2911,"53121 Byrd Junction Apt. 276
East Kathyhaven  PW 64945",New Lauriemouth,Maine,6100,Saint Lucia,4
Patrick,Guzman,Not Specified,18/04/2003,patrickguzman@gmail.com,445-684-7529,"PSC 3666  Box 7476
APO AP 19013",Lisafort,Illinois,21023,Tuvalu,1
Jodi,Weber,Not Specified,20/12/1987,jodiweber@gmail.com,001-302-324-7084x459,"3960 Smith View Suite 059
Juanhaven  OH 28228",Curtisburgh,Delaware,78713,Togo,1
Tamara,Brown,M,02/10/2015,tamarabrown@gmail.com,281.411.4232x20164,"529 Hernandez Isle Apt. 060
North David  MI 13148",Bridgesfurt,Florida,14450,Swaziland,3
Sara,Glenn,F,28/09/1977,saraglenn@gmail.com,381.519.5236x08037,"97122 Debbie Fall
Gibsonfort  OH 54495",Campbellburgh,Iowa,91115,Tokelau,4
Holly,Brown,M,06/10/1997,hollybrown@gmail.com,(235)717-9110,"7156 Mariah Springs Suite 107
Baileyberg  IA 83099",Markstad,Texas,17459,Liechtenstein,2
Julie,Leonard,F,28/06/1986,julieleonard@gmail.com,687.864.0807,"7340 Barr Squares Apt. 853
Millerville  MO 78018",Cherylberg,Louisiana,82150,Sri Lanka,5
Peggy,Pierce,F,26/10/2000,peggypierce@gmail.com,+1-216-259-4576x8019,"837 Kurt Alley
East Ericfurt  ID 57421",Mcmahonport,North Carolina,77737,Bangladesh,5
Marcus,Scott,Others,02/03/1970,marcusscott@gmail.com,510-282-5694,"90141 Christopher Square
North Natalieland  MS 45519",South Lori,Oklahoma,37033,Costa Rica,5
Gary,Lopez,Not Specified,04/03/1987,garylopez@gmail.com,897-792-6511x4746,"06509 Hardin Bypass
Lake Meredith  IL 02570",Christianburgh,Oklahoma,82278,Singapore,5
Kendra,Williams,Not Specified,12/07/2016,kendrawilliams@gmail.com,3959901559,"2497 Daniel Islands
Ramosfort  MT 71513",Thomaston,Kansas,14793,Tonga,5
Steven,Robinson,Not Specified,09/10/1998,stevenrobinson@gmail.com,001-951-264-2521,"48271 Andrea Ford
Davidtown  FL 85241",Stoneside,California,24438,Cyprus,3
Lisa,Terry,Not Specified,19/11/1986,lisaterry@gmail.com,(491)372-5078x012,"717 Rose Station
Port David  HI 29140",Perrybury,Maine,31391,Uruguay,1
Sara,Figueroa,Not Specified,26/09/1995,sarafigueroa@gmail.com,304-580-6270,"5812 Sanchez Motorway Suite 520
North Jacqueline  NE 41088",South Kelly,Alaska,27998,Cambodia,1
Kristen,Mccormick,Others,02/02/2022,kristenmccormick@gmail.com,8383938287,"68222 Caitlyn Highway
Clintonmouth  TN 74716",Randolphville,Michigan,26813,Brunei Darussalam,4
Jenna,Simmons,M,13/05/1973,jennasimmons@gmail.com,(216)828-3034x82127,"92452 Lloyd Loop
Meyerview  NJ 41132",East Brian,New Mexico,97477,Yemen,5
Sarah,Walker,M,08/01/2004,sarahwalker@gmail.com,966.724.4495x612,"USCGC Larson
FPO AE 94247",Samanthashire,Montana,86170,Paraguay,4
Kim,Casey,M,30/11/1977,kimcasey@gmail.com,386.860.1885x60190,"11363 Murphy Hill Suite 642
West Julie  MD 79358",Christianhaven,Arkansas,58192,United States Virgin Islands,4
John,Galloway,Not Specified,24/10/1982,johngalloway@gmail.com,+1-234-563-1495x494,"1755 Williams Plains Apt. 208
Susanport  NY 96618",Johnborough,Connecticut,91278,Trinidad and Tobago,2
Darin,Wilson,M,22/09/1986,darinwilson@gmail.com,+1-206-362-5167x33271,"Unit 8090 Box 8728
DPO AP 56860",Lake Sara,Massachusetts,34062,Zimbabwe,5
Bonnie,Rojas,Others,28/06/2002,bonnierojas@gmail.com,001-397-209-0738x3916,"11470 Tracey Valley
Davistown  AL 17891",Bethmouth,Missouri,21229,Korea,5
Jason,Frost,M,30/09/2009,jasonfrost@gmail.com,(480)566-1565,"006 Charles Roads
Cynthiafort  PR 57319",West Benjaminstad,Maine,16036,India,3
Shannon,Johnson,M,12/09/2020,shannonjohnson@gmail.com,465-562-9150x51598,"396 Joshua Trail
Smithborough  KS 68210",Tuckermouth,Michigan,11203,Zimbabwe,2
David,Jones,M,05/10/2021,davidjones@gmail.com,(658)688-5203x21420,"514 Lydia Rue Suite 566
South Melissastad  RI 11722",East Michael,Michigan,17334,Palestinian Territory,4
Ashley,Brown,M,02/04/2005,ashleybrown@gmail.com,(807)314-3439,"426 Murray Road Apt. 931
East Melanie  NV 65455",Brownchester,Oklahoma,13640,Luxembourg,3
John,Stephens,Not Specified,05/12/2018,johnstephens@gmail.com,-9121,"269 Howard Pine
Courtneyton  AR 21483",Davisland,Alaska,37841,Zambia,1
Kristen,Wall,Others,26/06/2009,kristenwall@gmail.com,001-844-777-8169,"683 Thomas Keys
North Johnton  AK 10141",Caitlinfort,Alabama,99325,Brunei Darussalam,2
Benjamin,Rhodes,M,07/03/2024,benjaminrhodes@gmail.com,(995)561-7889,"65099 Michael Tunnel
Bakerside  NE 43437",East Sarah,New Jersey,86145,Bhutan,2
Marissa,Sheppard,F,18/10/2019,marissasheppard@gmail.com,(896)767-9867x1563,"Unit 7751 Box 7976
DPO AP 22642",Foxberg,Minnesota,69965,Zambia,5
Richard,Perkins,F,07/09/1970,richardperkins@gmail.com,+1-815-206-7119x899,"394 Richard Cove Suite 214
East Jenniferchester  AK 26520",Lake Tracyfurt,California,67818,Suriname,1
Keith,Shepard,F,06/06/2004,keithshepard@gmail.com,224.947.4037x115,"716 Kent Plaza Apt. 973
West Tylermouth  FL 77247",Johnsonport,Kentucky,32453,Burundi,3
Melissa,Gilbert,M,28/11/2021,melissagilbert@gmail.com,268-981-0077x97656,"2280 Elizabeth Stream Suite 252
West Matthewside  CO 69492",Huntershire,Wyoming,2121,Benin,1
James,Edwards,F,15/07/1995,jamesedwards@gmail.com,001-925-842-0539,"1958 Mary Union
New Derek  OK 17199",Port William,Alabama,31761,Honduras,2
Nathan,Bates,Others,09/10/2005,nathanbates@gmail.com,+1-759-446-8770x12203,"1707 Wagner Underpass
Johnland  WY 63015",Seanport,New Mexico,32803,South Georgia and the South Sandwich Islands,2
Sara,Zimmerman,M,04/01/1999,sarazimmerman@gmail.com,(352)989-0788x3579,"00037 Teresa Streets
Stephanieberg  MI 98726",Hunterberg,Virginia,77705,Belarus,5
Brendan,Graves,F,06/08/1978,brendangraves@gmail.com,(329)315-7953,"57050 Miranda Squares Apt. 213
Sarahtown  NV 62891",New Angela,Maryland,68133,Mozambique,1
Kristy,Mullins,F,09/06/2024,kristymullins@gmail.com,001-259-328-5519x81818,"1931 Snyder Drive Suite 238
Michelleton  CA 27532",Alexisbury,Maryland,36607,Bolivia,2
Michael,Schmidt,Others,24/10/2017,michaelschmidt@gmail.com,576-306-1389x1829,"5523 Harris Inlet
North Daniellefurt  NH 95683",Markburgh,Arizona,65903,United States of America,1
Amanda,Abbott,M,22/08/2021,amandaabbott@gmail.com,(957)734-3401x3819,"7816 April Groves
Wallsbury  KS 60631",Smithberg,New York,80695,Libyan Arab Jamahiriya,3
Darren,Hamilton,M,27/02/1982,darrenhamilton@gmail.com,249.357.8966x9079,"261 Lawson Trail
Lake Pennybury  NE 81224",Johnsonmouth,Michigan,50820,Pakistan,3
Natasha,Welch,F,13/09/2012,natashawelch@gmail.com,718.459.6310,"196 Norton Trafficway Suite 013
South Anthony  PR 39891",Jasminefurt,South Dakota,65832,Namibia,1
Kristina,Lowe,Not Specified,07/07/1970,kristinalowe@gmail.com,+1-977-654-1736x23324,"553 Johnson Lane
South Stephenville  FM 95786",North Annette,California,73539,Turkmenistan,3
